6,309,244,159.2699067474696
23,308,245,85.88820687926746
50,307,246,48.48756849050878
67,308,245,85.49138524683714
84,307,248,88.49668730350417
101,308,247,85.85901948999742
118,309,248,88.4293314786755
135,310,247,87.77813269402763
152,309,246,88.43976425142682
169,310,245,85.48890764325547
186,311,246,88.31714332900874
202,312,245,88.2685453979252
219,311,246,88.62126055944475
237,312,245,85.24109292378739
253,313,248,89.4982726833372
270,314,247,86.4672673835956
287,317,250,86.37263521441704
305,318,249,85.4395828087699
321,321,250,89.17514506789662
338,322,249,87.01242154525012
355,323,248,88.69955279459472
374,324,247,85.5766759742712
391,325,244,88.82880113985118
408,326,243,88.53741502621592
425,325,244,86.11803906813736
442,326,243,86.52653002916203
458,321,242,89.14422171166355
475,322,241,87.09523036035216
492,315,240,86.5979609990495
510,316,239,85.65408068460223
526,309,238,89.18818063960055
543,310,237,86.27468167662076
560,303,238,86.9626771842807
578,304,237,85.20114840923918
594,299,240,89.20920942352562
611,298,241,88.49957728176912
628,293,244,89.03731607339026
645,294,245,85.47477562444024
662,289,246,89.06446860308259
679,290,245,86.5337554334545
696,285,246,87.02239390773624
713,286,245,85.98823440186327
732,283,244,89.10926997497901
749,284,243,88.53208491289328
766,283,240,86.52489044218372
783,284,239,85.98510686358058
800,285,238,89.17318091615456
816,286,237,89.0724255908998
833,285,238,86.08458223410496
851,286,237,85.54529952959496
868,283,238,89.6816588093576
884,284,237,89.11272420984193
901,277,240,86.39472314854164
919,276,239,84.13361933154998
936,269,244,89.12644850532273
952,270,243,89.12375573210575
969,261,244,86.5674724626706
987,262,243,86.1838052356317
1004,253,242,88.90052893147698
1020,252,241,88.88323196497005
1037,245,240,86.12699149289254
1055,244,239,86.08761325794009
1072,239,238,89.29920484416039
1091,240,237,85.29186920287157
1108,237,236,86.55534149457878
1125,238,235,85.96253322989175
1142,235,236,89.7677591373031
1159,234,235,86.93251324677637
1175,231,240,89.38131238759742
1192,232,239,85.44966519112185
1209,229,240,89.37626361278699
1226,230,241,86.85327962326521
1242,227,244,88.137145629182
1260,228,243,85.99666436138276
1276,225,244,89.16280495128188
1293,226,243,86.5199346255374
1310,223,242,87.1648837089704
1328,224,241,85.71375428900912
1345,221,244,88.89546320225638
1362,222,243,86.46038199407211
1379,217,240,86.89211579173836
1396,218,239,86.0019820016772
1413,215,242,89.38850308314355
1430,216,241,87.26517486850229
1448,215,244,87.90476187127437
1466,216,243,85.91621090264688
1482,215,246,88.97944227863539
1499,216,245,87.11576936553062
1516,213,248,87.70416543040336
1533,214,247,86.29950484796099
1550,209,248,89.29985874548343
1567,210,247,88.25354962395603
1584,203,248,88.51811992470294
1601,204,247,85.5386699369811
1618,197,248,89.07951112451659
1635,196,247,88.12745203619359
1652,191,244,88.23917404603526
1669,190,243,85.98740628447558
1686,187,246,89.05079510783428
1703,186,245,88.57735642119844
1720,185,244,88.76023782773164
1737,186,245,86.36307225575077
1754,187,246,89.32096416621559
1771,188,247,86.46315545556573
1788,187,252,86.44424562267952
1807,188,251,86.18955461892409
1824,191,252,89.33654039601817
1840,192,251,88.08917231677958
1857,195,250,86.28451542400427
1875,196,249,86.16044418810755
1891,195,250,89.50107625044191
1908,196,249,88.88433801078274
1925,195,248,88.80952869404788
1942,196,247,86.0418815741913
1959,193,248,89.25048425081492
1976,194,247,88.86642345703895
1993,193,246,89.57849198908504
2010,192,245,86.19345483105263
2026,193,248,89.3308423130185
2043,194,247,86.89781659677041
2060,195,248,86.56491710889797
2078,196,247,86.08856929751039
2094,197,250,89.23488227241982
2111,198,251,86.78790416150603
2128,197,252,86.53159142932277
2146,198,251,86.28483556094893
2164,201,248,89.12434352122617
2181,202,247,89.17650491594401
2198,205,246,86.66510091717676
2215,206,245,85.78699877444693
2232,207,246,89.7181960434096
2248,208,245,88.42829146460065
2265,213,246,86.25470098902228
2283,214,245,86.16201060085682
2300,219,246,89.21672267543822
2316,220,245,88.91585608008403
2333,223,248,86.51329531996812
2351,224,247,85.88609717084326
2368,227,252,89.12285023430843
2384,228,251,88.94652623789104
2401,233,252,86.63312405369555
2419,236,251,86.0615045427135
2436,239,248,89.13731657100153
2452,240,247,88.93695437178494
2469,241,248,86.54143140739127
2487,242,247,86.22850571259539
2504,241,246,88.84101740022399
2522,240,245,86.67907333136283
2540,239,246,86.13087862626072
2557,238,247,85.9307034184265
2574,239,246,89.12660737608238
2591,240,245,86.0671931741142
2607,245,246,87.0313990140735
2624,246,245,88.59082996319052
2641,253,250,88.89909845646274
2658,254,251,86.13449902022008
2675,255,248,88.63886425959558
2691,256,247,88.887363976778
2708,253,248,89.05826583607366
2725,254,247,86.30251378510053
2742,253,248,88.235078720249
2758,254,247,89.15910835185466
2775,255,246,87.15724867226827
2792,256,245,86.33983011775027
2809,257,246,86.98957777868634
2827,258,245,86.18352298592123
2843,257,246,88.2440017242878
2861,258,247,85.86928222210467
2879,259,250,87.23729687558749
2896,260,249,88.70790898426606
2913,261,252,87.11953375019449
2930,262,251,86.02761796236017
2947,263,252,88.48838651868813
2964,264,251,88.66781834340318
2981,265,254,89.39669389570767
2998,266,253,85.34811061900339
3015,265,250,86.86086903952031
3032,266,249,88.55442865125406
3048,267,250,88.88422740496276
3065,268,249,86.01996626641002
3083,271,254,87.20064563358027
3099,272,253,88.51087271986034
3117,275,254,86.17992817764785
3134,276,253,85.70606282974336
3150,275,252,88.45145907757865
3167,276,253,86.82923008782168
3185,275,258,87.03602725794302
3202,274,257,85.74552648439226
3219,273,254,86.55457733495686
3237,274,253,88.43116133725955
3254,275,256,88.96181385309806
3271,276,255,85.99110336044633
3288,275,254,86.40592067193391
3305,276,253,88.72605095341909
3322,275,256,87.16116098666434
3339,274,255,85.82974143017927
3356,273,254,88.64718544299747
3373,274,253,89.46888585291136
3389,275,258,89.9032371458599
3406,276,257,87.69364400852908
3423,277,256,88.17045252955738
3440,278,255,88.53688982478283
3456,279,258,88.09763896565619
3473,280,257,88.3983604932876
3490,283,254,87.08716005200498
3507,284,253,88.46697611825132
3524,283,254,87.22516767075919
3541,284,253,89.22715100115987
3558,285,256,87.95719158668352
3575,286,255,86.80878074289565
3593,289,254,87.17113707861799
3610,290,253,86.75544524889877
3627,293,256,87.10300627315851
3644,294,255,88.74442086012158
3661,293,256,89.2811545696059
3678,294,255,86.72883215898158
3695,291,262,87.11265792218191
3711,292,261,88.64292643629906
3728,291,258,87.06077512471674
3745,292,257,86.70554312005389
3762,291,260,87.09425941704502
3779,292,259,86.90657690723653
3796,295,258,87.19130897958006
3813,296,257,89.18293891138133
3830,297,256,86.28758288030195
3847,298,255,88.45641955658212
3864,297,256,88.92327255427654
3881,298,255,89.26092843862106
3897,297,256,89.93462472259665
3914,298,255,85.88459240718366
3931,295,258,86.8855702269564
3950,296,257,88.28892444578173
3966,293,258,88.59555491294246
3983,294,257,88.74238900900664
4000,291,260,88.36994912718768
4016,290,259,89.1064988399225
4033,287,258,89.93344385554028
4050,288,257,88.33597634574559
4067,285,258,87.97135934048224
4084,286,257,88.45389230296342
4101,285,256,87.64985495702001
4117,286,255,86.8241488867451
4135,289,258,86.96574010758184
4151,290,259,88.82895106066653
4168,293,258,88.53804997955214
4185,294,257,89.1256303298798
4202,293,264,87.028626848401
4219,294,263,86.1447238251841
4236,291,262,87.10878031244003
4253,292,261,85.31136986428753
4270,289,264,86.30907608119163
4287,290,263,86.81604582775974
4306,291,262,87.0240675501698
4323,292,261,85.18831601355483
4340,291,262,87.30247487674855
4357,292,261,88.99870934071714
4374,289,266,87.82457988673089
4391,290,265,84.49073673134235
4408,285,268,88.22151858699475
4425,286,269,89.0827408514475
4441,289,268,88.45613787410534
4459,290,267,85.4167036805716
4476,293,270,88.89111709289068
4492,294,271,89.00235304420978
4509,295,270,89.01752514722831
4526,296,269,84.52623089844536
4543,297,274,87.86354861191408
4560,298,273,88.58036152125787
4577,295,272,88.4339610110584
4594,296,271,85.02734734572681
4612,293,274,87.08546123029289
4628,294,273,88.78361913816143
4645,297,272,88.24750601517063
4664,298,271,85.34702527210766
4681,301,276,89.23887980932864
4698,302,275,87.49606048987644
4715,305,274,87.63664305384957
4732,306,273,84.72985073311656
4749,303,276,89.01793720336441
4766,304,275,86.3826853163429
4783,301,278,86.21613505654098
4800,302,277,88.48469082121757
4816,301,276,89.23501764131682
4833,302,275,89.270673771303
4850,301,274,86.51641649002899
4867,300,273,87.72259938553827
4884,297,272,87.9755927553507
4901,298,271,89.19320023150988
4918,295,270,87.23025787357754
4934,296,269,87.71428160424509
4952,293,268,87.43151052622927
4968,292,267,88.75595219604415
4985,291,268,88.54562308802329
5002,292,267,87.86333245235699
5021,293,270,89.22122008947818
5037,294,269,88.1417756936361
5054,293,272,87.43483590973193
5072,294,271,84.94068719224397
5089,293,272,89.22199225749395
5105,292,271,89.34025172330645
5122,289,272,88.33596854250158
5139,290,273,84.96962888070102
5156,287,268,86.33593900952994
5173,288,267,86.15162582763713
5191,287,270,86.31535626145404
5208,288,269,85.27471163077142
5225,289,268,86.58770329926858
5242,290,267,87.50187144627556
5258,291,268,88.17589468553301
5276,292,267,84.37858002494062
5293,291,268,86.45237658447755
5310,292,267,86.96456028935545
5327,291,268,86.69646250690104
5344,292,267,85.36190931372695
5361,291,270,89.24121319859695
5379,290,269,88.62089143577454
5396,287,268,87.10742968013194
5414,288,269,85.2823185874519
5430,287,268,87.61532805632054
5447,288,267,88.31076345714737
5464,285,266,87.82482670844318
5482,286,265,84.98231602985734
5498,283,266,87.68276376071374
5515,284,267,87.72877141382547
5532,281,266,87.97728004338336
5550,282,265,84.67510922665714
5566,281,268,88.17302580815648
5583,282,267,88.43026203832108
5600,283,266,87.77282426967744
5617,284,265,84.67648586486953
5634,281,268,88.13294325692648
5651,282,267,88.19143962735941
5668,279,268,88.3808209376286
5685,280,267,84.75465476801719
5702,281,266,88.66648182660755
5719,282,265,88.53003142284935
5738,285,266,89.35846963255172
5755,286,265,83.66619930727734
5772,285,268,86.21666281852961
5789,286,267,89.02357166130449
5806,285,266,86.3582990282187
5823,286,265,85.41935951197529
5840,283,268,86.31067770108403
5857,282,267,86.15402323350006
5874,277,270,87.13690270485145
5892,278,271,85.78826461150013
5909,273,270,86.40631637085177
5926,274,269,85.04881036275529
5953,271,268,48.83250991141246
5969,272,267,87.30883185584963
5986,267,266,87.38321779087362
6004,266,267,83.9556264290297
6020,259,266,88.67096324774782
6037,258,267,88.38755467875102
6053,255,268,88.32424182470818
6070,256,269,89.1118586407893
6086,257,270,88.16636358009747
6105,258,269,89.4185087550109
6121,261,274,89.68550343253327
6138,264,273,88.8628540473831
6155,265,274,88.68336420696852
6171,266,275,88.76006450371408
6188,267,278,89.26923932877745
6205,268,279,89.38326175074816
6221,267,276,89.30476331067403
6238,268,275,89.53566268119556
6254,265,276,89.41120131012445
6271,264,275,89.5496939907857
6288,263,278,89.10763426983378
6305,264,277,89.12270726265398
6321,267,276,89.95887170344591
6338,268,275,89.5355744982986
6355,269,276,87.99033162236134
6371,270,275,88.96022312647324
6401,271,276,43.67358051473507
6418,272,275,83.851950660506
6435,271,278,86.47467731757972
6456,272,277,72.21543076215588
6474,271,278,88.07406676718854
6491,272,277,88.07900052178
6508,271,278,87.75868958022649
6525,272,277,89.26252196973822
6541,271,276,88.58582300836038
6558,272,275,87.61532805632054
6575,271,274,88.44295557607629
6592,272,273,88.80774623790406
6609,271,274,89.4037112195757
6625,272,275,88.45693597911567
6642,271,276,87.91213428332358
6659,270,275,88.03617441621232
6676,269,276,88.40606603526464
6693,270,275,88.32204194908375
6710,269,278,88.3852969644335
6727,270,279,86.89506048504475
6744,271,280,87.10589699083097
6761,272,279,88.19131518385464
6777,275,284,89.98099421440203
6794,276,283,86.34782215249923
6811,277,284,87.0531431581975
6830,278,283,86.83549571084752
6847,279,284,86.93292134083252
6864,280,283,88.55212319654746
6881,281,282,89.64571386361104
6897,282,281,89.6255792837285
6914,285,284,86.30434606247641
6931,286,283,87.81375194968483
6948,285,284,87.84116630581515
6965,286,283,88.42028495735755
6982,287,282,88.58947222201797
6998,288,281,87.5914838303931
7015,287,284,87.94206165916945
7032,288,283,87.84498592679402
7049,289,284,88.58403382634482
7066,290,283,88.3909453729815
7083,289,284,88.79352070127702
7100,290,283,88.16913096448741
7116,289,284,88.9997390527651
7133,290,283,89.37937908681624
7150,289,286,87.94054585927982
7167,290,287,87.54668536430408
7185,289,288,88.42706381029565
7202,290,287,87.66539940487466
7219,287,288,88.23852780016585
7236,288,287,88.02221821623327
7253,283,290,89.67761346347946
7269,284,289,88.3402683388655
7286,281,290,87.87916123207287
7303,282,289,88.05912148521924
7320,281,292,88.27076598457786
7337,282,291,89.43624666838802
7353,285,290,88.58663915047539
7370,286,289,88.48462818493783
7387,289,288,88.79832249313012
7404,292,287,88.84666105807311
7420,293,288,89.29520190091625
7437,294,287,89.62202091921364
7454,291,288,88.86271190868752
7470,292,287,88.94166094104725
7487,287,288,89.18667725847646
7504,286,287,88.9868297712202
7521,283,288,89.38040963756781
7539,284,287,86.9939745363417
7556,285,288,87.11144376067769
7573,286,287,87.1475111934442
7590,287,288,86.69716152626191
7606,288,287,86.91882919989392
7624,287,288,87.04760381014326
7640,288,287,86.95717958909776
7657,285,286,86.32111575911955
7674,284,285,87.01283038989231
7691,279,286,87.224810085421
7708,278,285,86.99553356231138
7725,275,286,88.63731648751587
7742,274,285,86.29382269984895
7759,273,286,89.00763694425746
7776,274,285,86.94913484306593
7793,271,288,89.55650276483313
7809,272,287,88.58521875898309
7826,271,288,88.12596866963187
7843,272,287,87.04064841801446
7860,269,290,87.43665542202132
7877,270,289,88.93436794833838
7895,271,288,87.52649426981547
7912,272,287,87.40575692773659
7929,273,286,87.77502768863249
7946,274,285,87.47867816568059
7963,275,286,87.42970651596117
7980,276,285,87.51095308966609
7997,279,286,89.12671064237988
8014,280,285,88.02301625829122
8030,281,286,87.7850985673033
8048,282,285,87.467017281121
8064,283,288,87.71545107670717
8081,284,287,87.43699181073879
8098,283,286,88.29616653363378
8115,284,285,87.85724182205026
8132,283,286,88.12029195310167
8148,284,285,88.68305748320498
8165,283,286,88.06727987913646
8182,284,287,87.84635952826856
8199,283,286,88.16305227540022
8216,284,285,88.69803437173009
8233,283,286,89.1379442668569
8251,284,285,88.1505555071707
8268,285,286,88.42341232668348
8285,286,285,89.47204781386235
8301,287,286,88.42840875819721
8318,288,287,88.10190006724818
8335,287,288,88.5737788133824
8352,288,287,88.55896149385507
8369,289,288,89.1707397631322
8385,290,287,88.61448331065836
8402,289,290,88.57033485432217
8419,290,289,88.76929888942506
8436,289,288,88.5614241668894
8453,290,287,88.6158732296764
8469,291,288,88.55827918511152
8486,292,287,88.5231975924523
8503,293,288,89.00297884069882
8520,294,287,88.25396242640502
8537,297,288,89.07726553104436
8554,298,287,88.19035075860018
8570,297,288,88.76401961116744
8587,298,287,88.77528808468736
8606,295,290,87.71025793394102
8623,296,289,86.92769198111165
8640,293,288,87.05283245106739
8657,294,287,86.81788490101546
8674,293,290,87.14303055748795
8691,294,289,86.91645703141535
8708,293,290,87.07096327042021
8725,294,289,86.88403778621557
8742,295,288,87.1554939424317
8758,296,287,88.08958358292048
8775,291,290,86.4549551960163
8792,292,289,86.80295598786321
8809,287,290,89.03994020077616
8826,288,289,88.41156858301983
8842,283,290,87.66463088938661
8859,282,289,87.7229148921052
8876,279,290,88.2274263071599
8893,280,291,88.28075611055117
8910,277,292,88.4411565167026
8927,278,291,85.17827344150804
8944,277,292,87.88121553079024
8963,276,291,86.79805114071735
8980,273,292,86.95388287781527
8997,274,291,85.53291926847116
9014,271,292,87.17603098515104
9031,272,291,86.87476880452152
9048,271,292,86.70441545703892
9065,272,291,85.37425469342831
9082,271,292,86.93241500248322
9100,272,291,86.89945524469496
9117,273,292,87.09133913210694
9134,274,291,85.71357796502765
9151,275,294,86.20465968943392
9168,276,293,87.52610356631236
9185,277,292,87.11000198785024
9202,278,291,85.43999160637523
9219,277,292,87.10271038374928
9236,278,291,86.1606223554074
9253,275,292,87.1301152348052
9270,276,293,85.86603061690707
9287,275,292,86.8032197050253
9304,274,291,89.17069205463274
9323,273,292,87.29807736460374
9340,272,291,85.55387708354704
9357,273,292,89.18695565856451
9373,274,291,89.00697147104047
9390,275,294,87.70718849871079
9408,276,293,85.18451348952141
9424,273,296,87.2212496083766
9441,274,295,86.9921052924605
9458,269,294,87.00448769147512
9476,270,293,85.91952536679474
9492,265,296,87.35569930421185
9509,264,295,86.8814788061755
9526,265,296,87.17429829702392
9543,266,295,85.9323131792842
9560,269,296,87.24838655921155
9577,270,295,87.02534743782148
9594,273,298,89.39893963917694
9611,274,297,85.98493681482903
9628,273,298,87.39217553382636
9645,274,297,87.3009048302281
9662,273,298,87.36662828941908
9681,274,297,86.22166572843125
9698,275,298,87.92823578765366
9715,276,297,87.73821583636192
9732,277,298,88.06169602423458
9749,278,297,85.98958012663857
9766,279,298,88.34838524772799
9783,280,297,88.39577404555105
9800,281,300,88.85277122463908
9817,282,299,86.03388685528678
9834,281,300,88.2321982055159
9850,282,299,88.55551084486208
9867,281,300,88.32373475145921
9884,280,301,86.0164294820968
9901,281,300,88.56774617759321
9918,282,299,87.47978779502996
9935,283,302,88.14553603680393
9952,284,301,85.92673096392092
9969,283,304,88.57021718391526
9986,284,303,89.14672499002002
10002,283,304,88.69749939574828
10020,284,303,85.86965090036905
10038,283,304,87.16422271260814
10055,284,303,86.92658875726272
10072,283,304,88.54695596373931
10089,284,303,85.78708708744776
10106,287,304,87.20662274999283
10123,288,303,88.70356545755428
10140,291,304,87.32593321731792
10157,292,303,85.48123456102053
10174,293,304,88.7207532037064
10191,294,303,87.1262740257235
10208,295,304,87.17055197439556
10225,296,303,86.63471520613388
10242,295,304,87.1524404252063
10259,296,303,88.620192465334
10276,295,304,88.81636736439029
10293,296,303,85.83955505581675
10309,297,304,88.16847019680878
10326,298,303,88.25540337087983
10343,299,304,88.26122214961266
10361,300,303,85.6233805942999
10377,301,304,87.09413805065378
10396,302,303,86.81831453181444
10413,299,304,87.05138503976681
10430,300,303,86.04001600688458
10447,299,304,88.51159346979166
10464,300,303,88.71114329945662
10481,301,304,87.18729513710245
10497,302,303,86.61820609017803
10514,303,304,87.74005569563255
10531,304,303,87.97744258372154
10548,305,304,88.23744555418719
10565,306,303,85.99766275552163
10582,305,306,88.4017989058863
10599,306,305,88.55162134476618
10616,305,306,88.72862527417145
10633,306,305,85.6692114705934
10651,305,306,86.22285521294329
10668,304,305,87.0770970167735
10685,307,306,87.0149352434852
10702,308,305,86.03031192010192
10719,313,304,87.18540237370976
10736,314,303,86.95562949875819
10754,317,306,89.19766344936642
10771,318,305,85.78919193444334
10788,315,306,87.11992083238555
10805,316,305,87.01917554552321
10822,315,306,87.2851008086179
10839,314,305,85.94640485329035
10856,315,306,88.53490665764791
10873,316,307,89.26431476025614
10890,317,306,87.22649152284981
10907,318,305,86.22661717373809
10924,319,306,86.59195455100037
10941,320,305,86.28485789617326
10958,317,306,87.75417668197773
10975,318,305,85.74609996726214
10991,315,306,88.8224733648049
11009,314,305,86.01457981533702
11025,315,308,89.33460105087865
11042,316,307,86.73478990535413
11059,317,308,89.05419722672762
11076,318,307,86.71965642365882
11093,319,310,86.95220437315677
11112,320,309,86.04895221632844
11129,317,310,89.18947724709544
11146,318,309,87.31060038872425
11162,315,312,87.67861998060724
11180,316,311,86.02893531622
11196,313,312,88.22765983014058
11213,314,311,88.3433276139863
11230,313,312,88.33071727192346
11247,314,311,85.98200173150555
11264,317,314,88.54169525825576
11281,318,313,89.1787873272306
11298,319,316,87.6836248550809
11315,320,315,86.30420454234563
11332,317,316,88.00030483305594
11349,318,317,88.19773225990814
11365,315,318,89.20511109604536
11382,316,317,85.93031206366199
11399,315,318,87.22079315798233
11416,316,317,88.10722508321066
11433,315,318,87.11057110300189
11450,316,317,85.88647336999712
11469,317,318,88.92298789064536
11486,318,317,86.8115615290398
11503,315,318,87.06012328584059
11520,316,317,85.99023082185678
11537,313,318,87.12545420677414
11554,312,317,86.6828827224805
11571,311,318,87.92225211090337
11588,312,317,86.5899075999096
11605,311,318,89.21332404563154
11622,310,317,87.70888858541613
11638,311,318,87.76426588394983
11656,312,317,86.17987618881908
11672,311,318,88.25426618916401
11689,312,317,88.48721983508283
11706,311,318,88.5617849521483
11723,312,319,86.04627930295285
11740,313,320,87.07047806655476
11757,314,319,87.36258302503077
11774,313,320,87.05402224404376
11791,314,321,86.39944068458078
11808,315,320,87.48010921016834
11827,316,319,86.98434160073109
11844,315,320,87.00985499720655
11861,316,319,86.5876358224479
11878,315,320,86.35542043043168
11895,316,321,87.41871589249526
11912,317,320,86.95511533465633
11928,318,319,88.51276863072074
11945,317,320,88.68573942178672
11962,318,319,87.96117604796065
11979,317,320,87.99382353753825
11996,318,319,85.39875925850649
12025,319,320,44.37390964983882
12042,320,319,84.54474682906472
12059,319,320,89.2787314135073
12076,320,319,88.3925626851327
12093,319,320,87.84808816644964
12109,320,319,89.10081418541986
12126,317,320,88.05042189799904
12143,318,319,88.51252576157063
12160,317,320,88.64500088290421
12176,318,319,88.72556287275273
12195,319,320,88.05077853177616
12212,320,319,87.84326512713731
12229,321,320,88.61197057338237
12245,322,321,87.8139678653566
12262,323,322,86.91363175128795
12279,324,321,87.6592977631188
12296,323,320,87.02880862434607
12313,324,319,86.63624637026616
12330,325,322,86.74126762647614
12348,326,321,86.73515100719894
12364,329,322,88.20561292889649
12381,330,321,88.3614925210391
12398,331,322,88.33585929722993
12415,332,321,87.72265325235246
12432,331,322,87.85606856568731
12449,332,321,88.06905600364112
12465,333,322,88.16197965256774
12482,334,321,87.99954592234305
12499,335,322,88.65715091734441
12516,336,321,88.2745451345101
12533,337,322,89.03536591576614
12552,338,321,88.10763651793687
12568,339,322,88.0061210017279
12585,340,321,88.2593681582441
12602,337,322,88.31761132655701
12619,338,323,86.51108743398771
12636,337,324,86.73688132859391
12653,338,323,88.33492292027128
12670,337,324,88.47419265308535
12686,338,323,88.2644707172468
12703,339,324,88.88897580255411
12720,340,323,88.14139501562174
12737,339,324,88.60957575330102
12754,340,323,88.37802462742034
12770,337,324,88.94098063301253
12787,338,323,88.72465757605656
12804,335,326,89.31493302809062
12821,336,325,88.82833559949222
12837,333,326,89.2241018568071
12854,334,325,88.79088742673974
12871,333,326,88.90595883298482
12888,334,325,88.75373076307262
12906,333,326,86.82868726052105
12924,334,325,86.29365142784064
12940,333,326,86.80944389523003
12957,334,325,87.05043022934132
12974,335,326,86.80300119640576
12991,336,325,86.702814225955
13008,335,326,86.88994892695692
13025,336,325,88.64823061234385
13042,333,326,86.93637517914327
13059,332,325,86.70960294979132
13076,327,326,87.0402468879195
13093,328,325,86.82905668391844
13110,327,326,87.05733413205536
13127,328,325,88.51173448745554
13144,327,326,87.94380179999855
13161,328,325,87.87896816382256
13177,327,326,88.62920138974133
13194,328,325,87.01110418309364
13211,329,324,87.3113474629287
13228,330,323,86.47800509770545
13245,329,324,87.17027842186928
13264,330,323,87.38997602019057
13280,323,324,87.77357157070192
13297,324,323,87.60330071716442
13314,321,322,87.59871170326672
13331,320,321,88.69646093138202
13348,319,324,87.75539342454103
13365,320,323,88.28196411832538
13382,323,326,87.84763284890049
13398,324,325,87.81330469917094
13415,327,326,87.9807089978223
13432,328,325,87.55593729944218
13449,329,328,87.9999176320771
13466,330,327,87.80523183961706
13483,325,328,88.00817349508884
13500,326,327,87.92136313281401
13517,321,330,88.07111919016845
13533,322,329,88.05269354950622
13550,319,332,88.34415490334796
13567,320,331,87.9952637429243
13584,321,334,88.46015201877124
13601,322,333,88.00833614960008
13620,323,336,88.72808992911335
13636,324,335,88.95173229940583
13653,325,336,89.23862497557093
13670,326,335,88.33991716012608
13686,323,338,88.61786787891184
13703,324,337,88.33993276801077
13720,321,340,88.74333404446325
13737,320,339,88.55576179208524
13753,319,342,88.92547875921568
13770,318,341,88.70656338975455
13787,317,342,89.01839680893973
13804,318,343,88.83239937909705
13821,319,344,89.15059541453913
13837,320,343,88.85465023033346
13854,319,344,89.72326742351832
13871,320,343,87.62005700210429
13888,321,344,89.47492178997086
13904,322,343,89.59240027089159
13921,319,346,88.21394634263214
13938,320,345,88.64842707549903
13954,317,346,89.15743107127557
13973,318,345,87.03959535640277
13990,317,348,87.25183505878199
14007,318,347,87.02768011096377
14024,319,350,88.53634111352333
14041,320,349,86.96817547464404
14058,321,350,87.14515690354783
14075,322,349,86.87254243007
14091,321,352,87.33132500396266
14108,322,351,88.73399482751798
14124,321,352,89.23428506160066
14141,322,351,89.32521676773666
14158,319,354,87.61859066723572
14174,320,353,89.32068492887618
14191,317,354,88.4309501958657
14207,318,353,88.12785589333005
14224,315,354,88.40500312202269
14241,316,353,89.16068235026846
14257,315,356,88.55914971880699
14274,316,355,88.22736403457384
14291,313,358,87.26742902910884
14308,314,357,88.87492959994638
14326,311,360,87.75782701089382
14343,312,359,88.44462172677511
14360,311,360,88.19843236106321
14377,310,359,89.32598275776286
14394,309,360,88.61636010427664
14411,308,361,87.23392562261033
14427,307,362,88.35121871229336
14444,306,361,89.11791797729418
14461,303,362,88.63303486158844
14478,304,361,88.38454702256767
14495,299,362,86.78144206631474
14511,298,361,88.8619459468778
14528,297,362,89.02589380439426
14545,298,361,86.78968178302806
14562,299,362,87.35789709274665
14579,300,361,88.65157846351744
14596,301,362,88.11315632516327
14613,302,361,88.36014180035556
14629,303,362,87.89678034972546
14646,304,361,86.18049263182643
14663,305,362,88.07809285562477
14682,306,361,88.46592739229781
14699,307,362,88.77254556339673
14716,308,361,88.82606320134283
14732,307,362,89.1768150625348
14749,306,361,89.3427660234464
14766,303,362,88.45426786092902
14782,304,361,88.57883933020933
14799,301,362,88.24189149671132
14816,302,361,88.85247122268375
14833,309,360,89.37774143877428
14849,310,359,88.42976156683389
14866,313,360,88.42003477736807
14883,314,359,88.95984325987297
14900,313,360,88.54592886184656
14917,314,359,86.88676300149628
14934,305,356,88.84640056577388
14951,304,355,89.01649502357735
14967,293,354,89.06016940669184
14984,292,353,88.82637091511947
15001,289,352,89.21221775596123
15018,288,351,87.18843539567986
15036,285,356,89.21162084847032
15053,286,357,88.90559523807407
15069,281,360,89.06109742687349
15086,282,359,88.8572951839346
15103,273,360,88.71470840185066
15120,272,359,88.61084773998033
15137,269,358,89.51536916227758
15153,268,359,89.05243665722443
15170,267,360,89.33170416126731
15187,268,359,89.01257284788961
15203,267,360,89.05451445385938
15220,266,359,88.99700640769547
15237,263,360,89.39384092526916
15253,262,359,88.95169273737004
15270,259,360,89.34418686515372
15287,258,359,89.44549428608765
15304,259,360,89.31980733717558
15320,260,361,88.80016765471653
15337,263,360,89.97934254253909
15354,264,359,87.11600463004142
15370,269,358,87.57670186491083
15400,270,357,48.1140009288889
15417,271,356,83.877045310296
15434,272,355,87.13171710387765
15451,271,356,87.19926173617044
15468,272,355,87.003556618391
15485,271,354,87.50086078971802
15502,272,353,87.12005745045069
15519,279,358,87.37923970624497
15536,282,359,88.69044303714391
15552,289,360,88.93262002257465
15569,292,359,89.34623040212773
15586,303,362,89.41999597431177
15602,306,361,88.72537393974287
15619,317,362,88.73699481696087
15636,320,361,88.64798699924081
15653,329,358,89.05078717779088
15669,332,357,88.70740536516581
15686,337,362,88.88742718453074
15703,338,363,88.85532921832457
15720,345,362,89.07101337962413
15737,346,361,88.88268685251741
15755,355,362,87.17954216965994
15772,358,361,86.85062439519396
15789,365,364,87.38554678010476
15806,366,363,87.27403225752961
15823,371,364,87.4563155703726
15840,374,363,88.89026372496784
15857,375,366,86.55158825193747
15873,376,365,87.53339727356226
15890,377,366,87.22016174281234
15907,378,365,87.01488224232479
15924,377,366,87.25600711799603
15941,378,365,86.83162765625546
15958,379,366,87.11526089496121
15974,380,365,86.91912384132462
15991,383,364,86.36043945718664
16008,384,363,87.01991006840375
16036,383,364,45.831820501324955
16053,384,365,86.48911201542205
16070,391,364,89.16675627925673
16087,392,363,89.10797569847287
16104,391,364,89.25805225898296
16122,392,363,87.9799736464787
16139,383,364,87.33518431522971
16156,380,363,87.0904972161958
16173,371,364,87.31440450179099
16189,368,363,89.80481014320185
16206,355,364,88.15062544191011
16223,350,363,88.1773253066102
16240,343,364,88.37105805430613
16256,340,363,88.78745021354713
16273,331,364,88.89698839227574
16289,328,363,88.33959719970544
16306,323,364,88.09328515100466
16323,322,363,89.07036282545086
16340,319,364,88.41352277757801
16357,320,363,88.79854327765725
16373,323,364,89.55288572532375
16390,324,363,88.49811268924879
16407,325,364,87.23036440135807
16424,326,363,87.09868952182732
16441,323,364,87.26567747530622
16457,324,363,89.46463556893828
16475,317,364,89.01720818356559
16492,314,363,88.91860746347224
16509,303,364,89.50450485123366
16526,300,363,87.79464761686697
16543,293,362,87.0590849115114
16560,292,361,83.24496186922899
16577,289,362,80.89840592118084
16594,290,361,88.86786077818742
16611,289,362,88.74243626030145
16628,290,361,87.10377256020374
16645,291,362,87.32936497054992
16661,292,361,89.98195771765803
16678,287,362,88.55213103802667
16695,286,361,88.85827425146678
16712,277,360,88.45206150354883
16728,276,359,88.11082720823575
16745,271,362,88.57958472650566
16762,270,361,86.62836595598776
16779,267,362,88.0893352708289
16796,266,361,87.06399656480295
16813,263,364,88.83737111030013
16831,264,363,87.71761314409837
16848,263,364,89.26143836238823
16865,262,363,89.43542279522902
16881,257,364,89.73263891038734
16898,256,363,87.63052237693586
16915,247,364,87.08897270718684
16932,246,363,88.3529048270461
16949,237,364,88.46685089593477
16966,236,363,88.72312254996642
16982,231,364,88.30989000120101
16999,230,363,89.44603832315512
17016,227,362,88.77549299250646
17033,228,361,89.50520181856669
17049,227,362,89.65641152723242
17066,232,361,88.21407863173613
17083,233,362,88.61727104531693
17100,238,361,89.20866826356131
17116,239,362,89.04131971345434
17133,244,361,89.81260958261026
17150,245,362,87.80940301723646
17167,248,361,88.45451823467779
17185,247,362,89.42058767746745
17202,248,361,88.89882975358489
17219,249,362,87.05434053812466
17236,250,361,87.58273831810489
17253,249,362,88.47867031422935
17269,252,363,88.42776755700164
17286,253,364,88.0185071233818
17303,254,363,87.50247632007986
17320,255,364,87.53948140035507
17337,258,363,88.07488902123609
17354,257,364,88.21033578146418
17371,258,363,88.73315234728027
17387,257,364,88.98477888661711
17404,258,363,87.57408658257278
17421,257,364,87.39766716398853
17438,260,363,87.43027981623904
17455,261,364,86.95410214672287
17472,262,363,88.86489141865512
17489,261,364,89.33316455320777
17505,264,363,90.42671371508297
17522,265,364,87.10241449635032
17541,268,363,87.63407026867817
17558,269,364,87.03698175243566
17574,274,363,89.67332724272094
17591,275,364,87.04496699472465
17608,278,363,86.91348822591667
17625,277,364,88.11731022263015
17642,280,363,87.47338294298774
17659,281,364,86.30723615403218
17675,288,363,89.32208911146762
17692,289,364,88.779827802646
17709,294,363,87.4230949961206
17726,295,364,87.03965596357425
17743,300,363,87.24270055591921
17760,301,364,86.99352046161546
17777,306,363,89.80439077015617
17793,307,364,89.62351491595196
17810,308,363,88.79500297241272
17827,309,364,88.40005622243575
17843,310,363,88.99213558699391
17860,309,364,88.86346998698505
17877,310,365,89.5206099719514
17895,309,366,88.72824738287161
17912,312,365,89.59081099304336
17929,311,366,82.56370202429684
17946,312,365,87.65666986175228
17963,313,366,87.27259271425706
17980,314,365,88.13525800759497
17997,315,364,86.23908752146275
18015,314,365,84.80053811029464
18032,313,366,84.01247618876394
18049,312,365,89.07876522578795
18066,311,366,85.9383097000117
18082,310,365,87.62318176421391
18099,309,366,87.84272497971273
18116,310,365,88.56854629787905
18133,309,366,86.21165305672037
18150,310,365,88.55495406078926
18167,309,366,88.11635517975692
18184,312,365,88.51332488444143
18201,311,366,86.23620199209076
18218,314,365,88.7090578867409
18234,313,366,88.08799285782554
18253,314,365,90.07346301570098
18270,313,366,86.14502066274466
18287,312,365,87.96244496189819
18303,311,366,88.20233757363131
18320,314,365,87.00750813889984
18338,313,366,86.24556579204176
18354,316,365,87.91322402144449
18371,317,366,87.88939506344603
18388,322,365,88.30586608803954
18405,321,366,86.64765674842711
18421,324,363,88.74457049624633
18438,325,364,88.6035617923012
18455,328,363,89.32252792758158
18472,327,364,86.36710007692717
18489,326,363,89.77341638571328
18505,325,364,90.16486194181752
18522,324,363,87.5673151843651
18539,323,364,86.48080960566567
18556,324,365,87.57650245371845
18573,323,366,89.225280091538
18589,328,365,88.62667996303205
18608,329,366,86.21006254195197
18625,334,365,87.46678776734989
18642,335,366,88.29315729796804
18659,340,365,86.7676549618257
18676,341,366,86.28362947600642
18693,344,365,89.62700110205361
18710,343,366,87.05090005407602
18726,346,367,87.33022676428672
18744,345,368,86.3948500375472
18761,344,365,87.97553083775492
18777,343,366,87.2295654493461
18794,346,365,89.54683926521446
18811,345,366,86.45905886893567
18828,348,365,86.66104525353123
18845,349,366,86.31354586662987
18862,354,365,89.02693999717785
18879,355,366,86.00814359506816
18897,360,365,86.75932910051918
18914,361,366,86.1399969627037
18942,366,365,45.297784236235195
18960,365,366,84.06900013627585
18978,364,365,88.8706091920293
18995,363,366,88.767155584324
19012,360,363,89.37153489802037
19029,359,364,86.31187709257752
19046,358,365,86.97918927219554
19063,357,366,86.34630116622768
19080,354,365,86.75587426193525
19097,353,366,86.44697321051524
19114,350,365,87.11824350106615
19131,349,366,87.97149864198397
19148,348,367,87.41331330985703
19165,347,368,86.181480444431
19182,344,367,87.41162466217592
19199,343,368,87.297795390205
19216,340,367,87.73177308808559
19233,339,368,86.53573233459561
19250,336,367,87.867902909482
19267,333,368,86.98684611009178
19284,330,367,88.61042374036295
19301,329,368,86.39540238226682
19318,328,365,86.99657042120086
19337,327,366,89.17498602405031
19354,328,365,86.73261583487775
19371,327,366,86.36020825591501
19388,328,365,87.41084530832777
19404,329,366,89.18001208389164
19421,330,365,87.48251224580207
19438,331,366,86.43311287127344
19455,330,367,86.72299556489928
19472,329,368,88.64475728755198
19489,326,369,89.66284260620473
19506,323,370,86.38882695289934
19523,316,369,86.86448315415362
19540,313,370,86.46945807947702
19557,308,369,86.6627951507313
19574,305,370,86.50989746760442
19590,300,369,87.46160872684935
19607,297,370,86.30862912810936
19624,294,369,87.47551778945868
19641,291,370,86.48119851179695
19659,290,369,86.7953842214671
19676,289,370,87.02583971232738
19694,290,369,86.88489081306099
19712,289,370,86.45586708966641
19729,292,371,89.58919769289898
19745,293,372,89.67996985318133
19762,296,371,87.92123945033048
19779,297,372,86.20675535100416
19796,300,371,88.62984551552037
19813,301,372,89.25691299253972
19829,302,371,88.74218425397729
19847,303,372,86.70362611038082
19864,306,371,88.30338641720843
19880,307,372,89.31456608036417
19897,308,371,88.8389574464059
19914,309,372,85.5389333448982
19931,310,371,87.98800125224524
19948,311,372,86.29113455238544
19965,312,371,89.69866451246354
19982,313,372,86.0827222249147
19999,314,371,88.916472754659
20015,313,372,88.60303580581582
20032,314,371,89.09495562180261
20051,313,372,86.69159223326558
20068,314,371,88.2171992133143
20084,315,372,89.16335350505601
20101,316,371,88.83179176122441
20118,317,372,86.71986699253681
20135,318,371,87.51172657136057
20152,317,370,88.96441770253128
20169,318,371,89.53927031225209
20186,317,372,87.02581699184299
20203,316,371,86.85444888029416
20219,315,372,88.80414999553759
20236,314,371,89.02796243660987
20253,313,372,86.8510845225201
20270,312,371,87.47075852542496
20287,311,372,88.76156141527824
20304,308,371,87.16548393274276
20320,307,372,89.45361552728701
20337,304,371,89.77791368158844
20354,303,372,89.43253535961225
20370,300,371,89.91310707419242
20387,299,372,89.19252402534424
20405,298,371,87.52403519411475
20422,297,372,87.12040658745273
20439,296,369,85.27306096947113
20456,295,370,88.78671708094845
20473,294,369,89.37246143109084
20489,293,370,88.48861359491275
20506,294,369,87.53224797430684
20523,295,370,87.17055197439556
20540,296,369,87.84594281316969
20557,295,370,89.17579715359773
20574,296,369,88.54720686247937
20590,297,370,88.3550359808213
20607,298,369,87.4291255793491
20624,299,370,88.05524445148495
20640,302,369,89.78179074450293
20657,303,370,89.4406622472843
20674,308,369,88.01457169248941
20690,309,370,88.83775782383029
20707,312,369,88.59744660386939
20724,313,370,88.75347081541807
20741,314,369,89.75038085574116
20759,313,370,88.72818440130125
20776,314,369,88.7514070426194
20793,313,370,89.20935267285049
20809,314,371,89.69539801615306
20826,313,372,87.49342705629239
20843,314,371,88.33542231884547
20860,313,372,88.62940562373078
20876,320,371,89.08838351622585
20893,323,372,89.06081188014231
20910,324,371,89.08070934968855
20927,323,372,88.56882869672563
20944,328,371,86.85943554916965
20961,329,372,86.67074943677014
20977,330,371,88.63635799586812
20994,329,372,86.8360838662898
21011,336,371,86.82693819649856
21029,337,372,86.86492079178765
21045,338,371,86.89930421465101
21063,337,372,86.1407909206228
21080,346,369,86.6512531417578
21096,349,370,90.14823163876594
21115,350,369,87.48800758136079
21132,349,370,88.66924924722024
21149,356,369,86.85238950031041
21166,359,370,86.53025863634716
21183,360,369,86.92466951675273
21200,359,370,88.76996869349514
21217,362,369,86.69870241520043
21234,361,370,87.16023415422585
21251,362,369,87.52720673812446
21267,361,370,88.74854785188577
21284,356,369,87.79216574318087
21301,353,370,86.86820321460998
21318,354,369,86.67976455695631
21335,353,370,86.58336250471122
21352,350,369,86.63029464869076
21369,349,370,87.42189509337621
21386,350,369,86.84480910772777
21403,349,370,86.22214151829776
21420,348,369,86.91415297899128
21437,347,370,86.5648421741141
21454,348,369,87.38285127272685
21473,347,370,89.23623597987188
21490,346,369,86.51456022745717
21507,345,370,86.41068423176971
21524,346,369,86.64733391352388
21540,345,370,88.99125652005564
21557,344,369,87.25899936964099
21574,343,370,86.3530938284221
21592,344,369,86.63569094172736
21608,343,370,89.73490156440238
21625,342,369,86.74487931965645
21642,341,370,86.4694356485813
21659,342,369,87.35101411033341
21676,341,370,88.689900286832
21693,340,369,87.00464665716402
21710,339,370,86.4465920851575
21727,340,369,87.38327124169356
21744,339,370,89.12157144858558
21761,336,369,89.55388018156512
21778,335,370,86.45879723881727
21795,334,369,86.59484144138153
21812,333,370,88.85755574012258
21830,330,369,87.79658234243915
21847,327,370,86.80047712486267
21864,328,369,86.93118318903916
21881,327,370,86.12483295012089
21898,320,369,87.38478316339906
21916,317,370,86.08040288383123
21932,316,369,89.09355857135272
21949,315,370,89.63730059062017
21966,314,369,88.26409676922513
21983,313,370,88.05640752575849
21999,312,369,88.02351988451314
22016,311,370,88.89453863067742
22033,310,369,88.70198395292408
22050,309,370,88.702487510468
22067,310,369,86.5771856821767
22084,309,370,88.85526605621322
22101,308,369,86.74889768175716
22118,307,370,87.35926313509857
22135,308,369,85.86561035937677
22152,307,370,88.70162202447082
22169,310,369,86.63081998843305
22187,311,370,86.69370412114995
22204,312,369,86.77905479906397
22221,311,370,86.9813605902764
22238,312,369,86.34179816810334
22255,311,370,87.88959590209485
22272,312,369,86.40153089688505
22289,311,370,89.21230530306491
22306,312,369,86.7007845814099
22323,311,370,86.6244638053971
22340,312,369,86.8728744922389
22357,311,370,89.18979543874467
22373,312,369,89.65801117192613
22390,311,370,88.6043233061888
22406,312,369,89.40310375391117
22423,311,370,88.71139512951376
22440,306,369,89.20777695557943
22457,305,370,89.54609353823749
22473,306,369,89.66821326400904
22490,305,370,87.34989248538483
22507,302,369,88.09375853958872
22524,299,370,88.28084963255303
22542,300,369,89.42514565344162
22559,299,370,88.29700073630869
22576,302,369,88.97056782439914
22592,303,370,89.01040985644312
22609,304,369,89.43223142986666
22626,303,370,87.5913073685837
22643,308,369,88.28045995885248
22660,309,370,88.21260012901975
22676,310,369,89.61280903985342
22693,309,370,87.93636221339341
22710,314,369,87.88405000286063
22727,315,368,87.84138235632048
22744,316,367,88.04702626891833
22761,315,368,89.06464311797502
22778,320,369,88.57034269902708
22794,321,370,87.68942999502889
22811,322,369,88.6617257260154
22828,321,370,88.45838355926637
22845,322,369,89.34633417798379
22862,321,370,87.19851657883596
22879,322,369,86.54916117851224
22897,321,370,88.1293470902069
22914,324,369,86.37394823522908
22931,325,370,88.11956203167757
22948,326,369,88.12235754095619
22965,325,370,88.97244389953765
22982,326,369,88.44602196769226
22998,325,370,88.51574584473896
23015,326,369,88.4671013409224
23032,325,370,88.57982011741609
23049,324,369,89.44072624438658
23065,323,370,88.49601378555505
23082,324,369,88.60305935731594
23099,323,370,87.79417743747584
23116,326,369,88.10571134701122
23133,327,370,89.17970191506275
23150,328,369,88.33036616911643
23166,327,370,88.05353866479312
23183,330,369,88.40649589714293
23200,331,370,88.1242290782285
23217,332,369,88.67873211760113
23234,331,370,88.13165388478602
23252,332,369,89.03677699688568
23269,331,370,89.09120908530768
23286,332,369,89.08966134970659
23303,331,370,88.66277123825806
23319,336,369,89.07741629172497
23336,337,370,88.990203246505
23353,338,369,89.53882936397257
23370,337,370,88.62724550420572
23386,338,369,89.13121487450236
23403,339,370,89.14830649865301
23420,340,369,89.42021986107139
23437,339,370,89.03229023102098
23453,338,369,90.13829377584266
23470,337,370,89.29927661334993
23486,338,369,89.09990121493952
23503,337,370,89.08245516591384
23520,338,369,89.57233776904508
23537,337,370,89.38841518988066
23553,338,369,89.29497863974817
23570,337,370,89.24795921154069
23587,334,369,89.22957135809281
23605,333,370,89.15798750807437
23622,334,369,87.08716763617907
23639,333,370,85.69453190047506
23656,332,369,87.38016356692818
23673,331,370,86.68213885057057
23690,332,369,86.65315281864076
23707,331,370,86.49686985127383
23724,332,369,87.0035490487728
23741,333,370,86.73539174343254
