28,303,241,35.7076989191101
65,303,241,31.98165532250701
101,311,245,32.34565864656061
136,311,245,33.0312613472705
172,313,247,32.90142535554925
207,312,247,33.4388574504182
242,317,247,34.13472100531942
277,317,247,33.9299876420199
308,320,247,38.44583038245566
339,320,247,38.63916418542054
371,300,227,38.465544795973365
410,300,227,29.104642248647945
451,305,227,28.360324042793685
487,305,227,32.86825627195353
523,310,227,32.12710820493574
559,310,227,32.960327894615546
599,312,223,28.742350295324776
640,312,223,28.487211421343492
676,313,225,32.2582903241613
712,313,225,32.40249392923075
748,312,227,32.42853715160766
787,312,227,31.757361562833115
823,324,243,32.29041951648455
856,324,243,36.505747264067644
888,323,249,37.058524118336024
920,323,249,38.49822875424236
951,324,253,38.45844403596449
985,323,253,35.21579605940877
1015,326,243,39.795766534315234
1048,326,243,36.29449732593032
1083,328,237,33.788001576548155
1121,328,237,30.783036724409076
1159,328,237,30.35975244050665
1193,328,237,34.55140392028521
1227,328,239,34.93097116133952
1274,328,239,24.756618304365244
1307,327,239,35.53116443762499
1345,327,239,31.498453898390398
1378,326,237,36.05513421325408
1412,326,237,34.86452760238596
1446,324,235,34.921368601960026
1481,324,235,34.27816995432023
1517,323,233,34.82966326786042
1551,323,231,34.04928886527987
1586,323,235,34.092656339546494
1621,323,235,34.42517005947946
1655,326,237,34.826538588588356
1691,326,237,32.987374939913494
1725,329,237,35.18845706005368
1759,329,237,35.048804057698185
1793,333,233,35.02785853158663
1827,333,235,34.51217489444969
1861,336,239,34.94963268635039
1894,336,239,35.95234545371986
1927,338,239,36.80054717997591
1960,338,239,35.82391328606845
1994,339,251,35.44119862133737
2025,339,251,38.87154958633674
2056,339,245,39.42676635855963
2088,339,245,37.76470556690658
2120,334,235,37.843364196362856
2153,334,235,35.21137051210396
2187,334,233,34.946730698396436
2223,334,233,34.48886671791252
2257,339,247,34.43437713342488
2289,339,247,38.64587631881951
2319,341,241,39.44602631775762
2352,341,241,36.96496767173305
2384,340,241,36.85890749313577
2417,340,241,36.63907561077797
2449,335,231,36.66789186316012
2484,334,227,34.60940757069716
2519,328,233,33.24717328376845
2553,328,233,34.98981778807458
2587,327,227,35.21404505144068
2622,327,227,33.591650889228106
2661,326,233,29.87536981599969
2699,326,233,31.011640653482253
2733,324,241,34.96061110309154
2765,324,241,37.41865745149906
2797,325,241,37.30410124273391
2829,325,241,37.46353159346449
2864,325,243,33.63389252370365
2896,325,243,37.9336407854919
2929,329,237,38.322060899119855
2962,329,237,36.481941329596026
2999,332,239,31.63057412560204
3034,332,239,33.00480351910417
3067,334,235,37.04070406673964
3100,334,235,35.92477409783552
3134,334,235,35.84605453052369
3167,334,235,36.00298075878298
3204,334,231,31.77601720989092
3237,334,231,35.15263449661603
3271,325,225,34.87951429857785
3307,325,225,32.83468932391569
3343,322,259,32.88190532753617
3372,322,259,42.323320030831695
3400,325,215,42.68243572099875
3438,325,215,31.40529328681079
3475,317,233,31.148597687017272
3509,317,233,34.32136300291608
3543,309,221,34.91265743382821
3580,306,223,32.20496579961452
3628,305,215,23.59344771263766
3671,305,215,28.095517792807133
3712,305,217,27.783667143443655
3754,306,217,27.282783210568084
3792,302,217,31.443387642666902
3828,302,217,31.711455186037472
3866,302,221,31.19030273526167
3902,302,221,32.19759742815895
3941,289,241,30.427789773426767
3973,289,241,37.02950770380393
4006,288,203,37.17926562919661
4046,288,203,28.761366995560568
4091,288,215,25.326669717686144
4132,288,215,27.825320429433734
4169,291,211,31.690104245231716
4207,291,211,30.577925856480057
4245,294,211,30.41502765151824
4284,294,213,30.237490999432836
4327,297,207,26.762811531838565
4366,297,207,29.671068023445486
4405,301,199,29.66464357752754
4445,301,199,28.28335452463671
4488,303,199,28.35633282406305
4533,302,199,24.992024420206903
4573,303,195,28.648114663276793
4615,303,197,27.497368776781748
4656,302,203,28.11378514753791
4695,302,203,29.048526551253772
4740,301,203,25.545017639728755
4780,301,203,28.812594930297145
4820,300,203,28.713093230810745
4860,300,203,28.639798316249074
4900,301,193,28.592068777420867
4942,301,193,26.9680580881184
4985,301,193,26.41914534170496
5039,301,193,20.98739788607793
5082,300,187,26.682178618028043
5126,300,187,26.13681010060163
5169,298,199,26.316810981478888
5210,298,199,28.375401568683
5250,297,181,28.656748718771095
5294,297,181,25.99136525260124
5337,300,191,26.245056284360356
5384,300,191,24.777469826864458
5426,305,205,27.371007353522206
5466,305,205,28.863793231792627
5506,310,209,29.880856360243364
5545,310,209,29.93240006903609
5583,319,221,30.25321517556939
5620,318,221,31.95815680180152
5656,327,215,32.33958949159966
5693,326,217,31.916519661836816
5730,330,227,31.960661283979935
5765,329,227,34.17200196981088
5800,332,223,33.880159101227136
5835,328,223,33.81678370937315
5870,321,235,33.93134846707668
5903,322,235,35.81713974780579
5936,320,227,36.61847833597725
5971,320,227,33.922860636136406
6005,319,239,33.74146332542501
6038,319,239,36.752460016723106
6071,315,241,36.85043734099036
6103,315,241,37.1240640930632
6136,315,245,37.878261313564316
6168,315,245,38.554062279615344
6198,314,245,39.0750925591255
6229,314,245,39.067006440235076
6260,308,245,38.71722852786063
6291,308,245,38.95439698340266
6322,303,245,38.94107230551047
6354,303,245,38.89814470242083
6385,299,237,39.05974140576322
6418,299,237,36.136427589627644
6450,298,241,36.69993858632277
6482,298,241,37.7642962596957
6514,297,235,38.112239783918845
6546,297,235,36.104732608350304
6580,295,243,36.03419342268588
6611,295,243,38.32764525525982
6643,296,239,37.93174001312286
6675,296,239,37.43968420075653
6707,296,247,37.23320500412786
6737,296,247,40.12720001386796
6768,294,241,40.12299463266676
6801,294,241,37.66708743314469
6833,291,235,38.338796803571825
6865,291,235,36.69787123355527
6898,292,233,36.31590801645343
6931,292,233,35.42117423247009
6965,292,235,35.88564479470109
6997,292,235,36.265129721456965
7030,294,233,36.294759468640365
7063,294,233,35.755541223940064
7097,295,235,35.85079401442313
7130,295,235,36.2340882983425
7163,298,233,36.0654745608749
7196,298,233,35.484908729621104
7230,300,237,35.49455918100138
7263,300,237,36.35381025921248
7296,299,241,36.544984537086144
7328,299,241,37.54525517332316
7360,297,247,37.48009198064333
7390,297,247,39.998809635425246
7420,298,243,40.28991657005816
7452,298,243,38.258515235994594
7485,300,237,38.32807567955199
7517,300,237,36.48909782384129
7550,296,235,36.6472689007648
7583,296,235,36.460297252053024
7615,294,231,36.72378451526202
7648,294,231,35.41340959209737
7682,295,229,35.09002292747008
7716,295,229,34.47576122997932
7751,295,233,34.76667527953102
7784,295,233,35.42981090507613
7818,291,241,35.58183107732071
7850,291,241,37.5101793249143
7882,293,229,37.64004307375969
7916,293,229,34.4325476549042
7951,286,245,34.48289536320575
7982,286,245,38.5212196835112
8013,286,235,39.02989022179867
8046,286,235,36.16278300677557
8079,286,237,36.566247948999155
8112,286,237,36.346159808321985
8145,287,229,36.24280417244558
8181,287,229,34.58904239890228
8215,289,235,35.09245370120986
8248,289,235,36.118383346940334
8281,293,227,36.5325495883695
8315,293,227,34.14252016593811
8350,295,233,34.35857370276542
8383,295,233,35.55163191944967
8416,299,235,36.27616200527658
8451,299,235,33.226357751915266
8484,302,239,36.548143352490285
8515,302,239,37.81698575630795
8547,304,243,37.6432424187545
8578,304,241,38.28400815342179
8611,302,241,37.40226600880569
8643,302,241,37.64106742840142
8675,303,239,37.53445897924664
8707,304,239,37.34211241417242
8739,304,245,37.3319999338477
8770,303,245,38.7414814262103
8801,300,241,39.08353335308615
8833,299,241,37.88008641962916
8866,299,241,37.76716159650705
8898,299,241,38.018883142841624
8930,297,237,37.49494333820405
8963,297,237,36.25392670811917
8996,298,241,36.296215154090866
9028,298,241,37.53414058509945
9060,298,245,37.906325963092655
9091,298,245,38.55367730178851
9122,301,255,39.1683279260151
9151,301,255,42.66955044556398
9179,298,263,42.76950325702598
9206,297,263,46.03566198591401
9233,297,255,46.303531223049895
9262,297,255,43.101051708762746
9291,301,263,42.740628241075264
9318,300,263,45.702742507321005
9345,303,253,46.239372631590435
9375,303,253,42.008629160550385
9404,313,261,42.16400871783044
9432,313,261,44.65780355148328
9459,313,263,44.49079990320582
9488,314,263,46.007096962763285
9515,315,263,45.97095812303152
9542,315,263,46.14167468993487
9569,317,263,46.100843659269216
9596,317,263,46.69355032261975
9623,308,263,46.319069838967124
9650,308,263,46.20890584242301
9676,306,263,46.98627230273894
9704,306,263,46.14407000018504
9730,309,263,46.99532344836833
9757,309,263,46.17337038592395
9784,306,263,46.946772078444866
9810,306,263,46.72570334682663
9837,300,263,46.61224966192135
9864,300,263,46.61835140726817
9890,296,263,46.31484367582388
9917,296,263,46.58860745487602
9944,292,263,46.154094675894406
9971,292,263,46.704696432784026
9998,289,231,45.65281771701854
10032,289,231,35.25383537051147
10067,288,229,35.22659117279397
10101,288,229,34.5295533094695
10136,284,239,34.490733116053214
10167,284,239,37.497059293124934
10199,287,243,37.773144691730536
10231,287,243,38.17065021297887
10262,289,241,38.59999813948009
10294,289,241,37.693930560995
10326,285,243,37.59516935157581
10358,285,243,38.076047767163445
10389,282,245,38.68168036778232
10420,282,245,38.70452247637418
10452,285,251,38.84886161180819
10482,285,251,40.13383510259332
10512,285,239,41.41608039788925
10544,285,239,37.26162249624254
10576,284,229,37.39221740074507
10610,284,229,34.34757131757971
10644,278,263,34.760921507857866
10672,278,263,45.60442023579401
10699,277,255,46.1995958366957
10729,277,255,42.47894371858549
10758,280,247,42.57259734735255
10788,280,247,40.180639296472364
10819,283,247,40.35580421187879
10849,283,247,39.800478608715366
10879,294,257,40.14778076918892
10908,294,257,43.123456072463966
10936,297,213,43.521519367576616
10974,297,213,31.1204785134569
11012,291,229,31.05378857773338
11046,291,229,34.56580475449879
11080,285,217,34.56393022302895
11117,285,217,31.622764203372448
11154,282,221,31.758006026589772
11189,282,223,32.863892349456755
11225,289,217,33.03053144143257
11262,289,219,31.985302113972587
11298,287,235,32.393822847836205
11330,287,235,36.66657964465098
11363,294,213,36.71164001652464
11401,294,213,31.09647959553182
11440,298,227,31.43626478074227
11475,298,229,34.054732902940536
11509,300,173,34.88936286476
11552,300,173,26.344685433918045
11595,296,231,26.506224138539764
11629,296,231,35.2687681162436
11662,300,215,35.5082957498736
11699,300,215,32.083652605781324
11735,299,221,31.842471979500328
11773,299,221,31.16388056380446
11809,302,217,32.821050345160934
11845,302,217,31.853377628640263
11882,302,223,31.857236763174768
11918,302,223,33.22307259998849
11964,303,221,25.011495283232172
12000,303,221,32.43609052212245
12036,303,223,33.040265080725135
12071,303,223,33.46472140703091
12106,300,219,33.734232071748394
12142,300,219,32.46489416785383
12178,298,219,32.43469128952743
12216,298,219,32.447445602425276
12252,297,207,32.43499216694939
12291,297,207,30.47854051680023
12329,297,219,30.220699958555333
12366,297,219,31.774975217902455
12416,299,217,23.199262783106985
12452,299,217,32.314512757898896
12488,301,219,32.20122727249455
12524,301,219,32.56206394512068
12560,296,227,32.632648370780764
12595,296,225,34.12733886171196
12629,299,207,34.28073633101918
12668,299,207,30.099823657173122
12706,300,205,30.20392208197568
12745,300,205,29.90776206915775
12784,302,219,29.76594796983733
12820,302,219,32.43285248170025
12855,307,217,32.694937434150354
12892,307,217,32.04762430800766
12928,308,203,32.21672733720759
12967,308,203,29.38382759967685
13008,306,201,29.330600894553996
13048,306,201,29.06898832537105
13088,305,209,28.910280183402193
13126,305,209,30.443138853226444
13164,305,217,30.326275852960624
13201,305,217,31.86148461709999
13237,306,221,32.210407659428796
13273,306,223,32.490882652191765
13308,305,229,33.83620360773107
13343,305,229,34.733441847552356
13377,299,231,34.64154351078325
13410,299,231,35.84332809602571
13456,295,231,25.10763076386778
13490,295,231,35.58570946232555
13524,288,231,35.06046685886581
13557,288,231,35.68153134285338
13590,288,227,35.64179920515224
13624,288,227,34.63719512427445
13659,289,225,34.08870727031677
13694,289,225,33.7017189595457
13729,288,231,33.78084621965644
13764,288,231,35.384548480599875
13798,291,231,35.65986621131395
13832,291,231,35.391889615810776
13865,296,237,35.6001604997636
13898,296,237,36.6209766272476
13930,303,227,37.128246011164016
13965,303,227,34.235507424996854
14000,307,233,34.037402680683726
14033,307,233,35.63743231872495
14067,309,229,35.637265946019376
14101,309,229,34.80547013906456
14134,314,225,35.21788335942685
14169,314,225,33.70485066728863
14204,317,221,34.09073863721591
14240,318,223,32.76356188669889
14275,320,231,33.798258801582016
14309,320,231,35.54797072453981
14342,322,233,35.79679092508394
14375,322,233,35.47997847074907
14409,325,229,35.95049458713176
14443,325,229,34.81339584658781
14478,325,235,35.132478075313564
14511,325,235,35.97960834109504
14544,325,241,36.30987530208455
14576,325,241,37.82161992721305
14608,322,233,38.23000870650218
14641,322,233,35.89375319835774
14674,316,235,35.99767613401949
14707,316,235,36.15335138132737
14740,314,233,36.69710899808342
14773,314,233,36.136526833846524
14806,313,233,35.79275365680247
14839,313,233,35.63345503939902
14872,312,233,35.91534107632172
14906,312,233,35.690571878598945
14939,309,233,36.56813869271098
14972,309,233,35.81113436924918
15006,306,235,35.600079388177036
15038,306,235,36.67494664712137
15071,309,239,36.34554553355406
15104,309,239,37.32711991072249
15136,311,237,37.43815077099566
15170,311,237,36.630911478178895
15202,313,237,37.095383954287804
15235,313,237,36.918968807421685
15267,314,229,37.1169718727216
15301,314,229,34.9534367791946
15335,315,233,34.962620588263576
15368,315,235,35.9889171409886
15401,320,235,36.677191675847276
15434,320,235,36.33625204277867
15466,320,229,36.38278296854985
15501,320,229,34.70522991503361
15535,320,227,34.82840774898637
15569,320,227,34.270597623018766
15604,319,235,34.383076154800314
15637,319,235,35.81926045334074
15670,320,239,36.29611371340131
15702,320,239,37.25879587023507
15734,321,243,37.33796861810946
15766,321,243,38.50453914610178
15797,322,237,38.988429598690146
15830,322,237,36.46647181415227
15864,323,231,36.71958938686364
15897,323,231,35.47367160056958
15931,321,239,35.45969774862833
15963,321,239,37.37438795235109
15995,317,237,37.012411445954996
16028,317,237,36.10286080513134
16061,316,231,36.706298334624236
16094,316,231,35.27071490529478
16128,315,229,35.3203640017817
16163,315,231,34.111540370735135
16197,316,233,35.1221254252543
16231,316,233,35.08285570656503
16264,347,183,35.300779942492206
16307,323,251,26.949262381171607
16337,349,177,40.6532191780098
16380,349,177,26.756999008840484
16423,332,229,26.530450138433235
16457,332,229,34.934755326930095
16491,333,233,34.9819914457137
16524,333,233,35.935905007316194
16557,364,171,36.050512102932
16602,364,171,26.26817357021412
16645,358,181,26.579454868138793
16689,358,181,26.246478739604196
16732,360,177,26.424634629880053
16776,360,177,26.16865620417623
16819,363,177,26.358049056283
16862,363,177,26.21047921693782
16905,364,181,26.612125293292234
16948,362,181,26.716190647377648
16992,361,183,26.37259395902506
17034,361,183,26.611727996099358
17077,360,177,26.540603753085545
17121,360,177,26.50948872686643
17164,354,189,26.624410532222765
17206,354,189,27.263804325277142
17248,354,187,26.966387638262738
17290,354,187,27.033663426078352
17333,354,187,26.91476698876914
17375,354,187,26.922850874679003
17418,345,233,27.08776951992075
17451,345,231,35.44914132962923
17487,345,237,35.30045968611608
17520,345,229,36.519792339696004
17554,345,231,34.81135136900165
17587,345,231,35.67030295680059
17621,362,181,35.49574601231915
17664,362,181,26.859192643288623
17706,363,183,26.589590887768473
17749,363,183,26.534360683634453
17793,350,227,26.39891339960534
17827,350,227,34.27477338633767
17861,347,229,34.527395399341955
17896,347,229,34.42281425714482
17930,343,233,34.705445513457
17963,343,233,35.86854736938459
17997,342,229,35.2689522123332
18031,342,229,34.78807798652171
18077,346,233,25.179732299661676
18111,343,227,36.05848325398964
18145,348,229,34.884275427959416
18179,348,229,34.30997477084625
18213,345,233,34.85275547278878
18248,345,233,35.81472683660158
18282,343,229,35.94325322313036
18316,343,229,34.84472805884968
18349,336,245,35.10721427273966
18380,336,245,38.70434870450739
18411,333,253,39.27280433310988
18440,333,253,42.19190312063973
18469,331,251,42.08739683642506
18499,333,253,41.10378290034129
18528,331,261,42.43405652139948
18555,332,261,45.38564385821724
18583,328,259,44.958067385758966
18610,328,259,44.51063274446063
18638,323,257,45.00408322047059
18667,323,257,42.94908334630396
18696,310,229,43.21649667025537
18730,310,229,34.74814095708472
18763,312,239,35.21603541042793
18795,312,239,37.58205760412429
18827,330,181,37.37412255370951
18870,331,195,26.98123840700502
18912,330,191,28.153697679907268
18953,329,193,27.91429418428012
18995,328,195,27.755940791360175
19035,328,195,28.241324603977553
19076,324,195,28.084909669100785
19117,324,195,28.047186586713487
19158,323,189,28.209639143424464
19200,323,189,27.310515343143106
19242,321,191,27.423070266653983
19283,321,191,27.696080495002075
19325,320,189,28.01315677126182
19371,320,189,24.25967949081844
19413,317,195,27.58138605070297
19454,317,195,27.9568991840108
19495,298,229,28.115297235203524
19529,298,229,34.691918590417394
19564,309,199,34.70629468413749
19603,309,199,29.527962448935817
19642,284,229,29.816030618678163
19676,284,229,34.50612878881176
19710,282,237,34.90242294714245
19744,282,237,36.84584395276613
19777,283,249,36.92914239267976
19807,283,249,40.456074271203036
19837,273,253,40.71313783644523
19866,284,213,42.07892617946704
19903,280,239,31.618529773778274
19935,281,237,37.86060904998797
19968,274,233,37.017690495163805
20001,274,233,35.33495987220617
20034,271,227,35.865099739587095
20069,271,227,34.17529527369678
20104,266,237,34.148661073685126
20137,267,239,36.488069970106785
20168,268,239,37.7215974100653
20201,268,239,37.42870206543555
20232,269,239,37.91940041844058
20264,269,241,37.757402121580874
20296,267,245,37.62268286599064
20327,267,245,38.71444953724425
20358,270,247,39.10832395646086
20388,269,245,39.81516843249593
20421,277,259,39.0622177144423
20449,277,259,44.38037299306961
20476,281,245,44.78704744256106
20519,281,245,27.624482617611996
20550,276,241,39.28601594619387
20582,279,247,37.50658052955391
20611,268,249,40.526408872235955
20642,267,247,39.80719147963689
20672,271,241,39.86495348357903
20704,271,241,38.03495305688059
20736,272,241,37.82509773154189
20768,272,241,37.20504676041892
20800,275,241,37.91426787833084
20832,275,241,38.107778094749804
20863,277,247,37.99510471070907
20894,277,247,39.73250014810289
20924,278,247,39.92775790905998
20954,278,247,40.012222933861835
20985,281,255,39.55307399569307
21025,280,253,29.407640716737134
21054,260,259,41.758852814158324
21084,260,259,43.846201031411724
21112,269,257,44.19083227599402
21141,269,257,43.33826508343895
21169,265,257,43.17719380623155
21197,265,257,43.23829584731624
21226,263,253,43.51931661443043
21255,263,253,42.26623433380891
21284,261,263,41.99757077651115
21311,261,263,46.46054291932034
21338,258,263,46.48326662829628
21365,258,263,46.30470617418154
21392,244,259,45.90231629055303
21420,244,259,43.59584074753265
21448,241,263,43.66461384762098
21475,241,263,45.74077249669557
21503,243,263,45.093441276209326
21530,243,263,45.80651018613109
21557,241,263,45.60809755353148
21585,241,263,45.43202768954878
21612,237,259,45.783629861694976
21640,237,259,44.58537584513252
21669,231,263,43.969190260754004
21697,231,263,45.66166052007444
21724,229,263,45.59333571330546
21751,229,263,45.8101152399259
21778,211,225,46.208340004662425
21813,211,225,33.99283743720928
21848,213,227,33.20436977475285
21883,213,227,33.593183324988786
21918,215,217,34.217186060739614
21955,215,217,31.220911866675216
21992,213,221,31.618391811443594
22028,212,219,32.4767756953164
22064,208,223,32.448526901775715
22100,208,223,32.7856415414012
22136,204,227,33.144851818979525
22170,204,227,34.0416249415633
22205,201,209,33.78437957588306
22244,201,209,30.2317996025909
22283,194,213,29.954474590427974
22320,194,213,30.91178641686646
22358,197,213,30.731299835028235
22398,197,215,30.62279820167005
22435,196,205,31.73683108757169
22475,210,261,29.378633384122136
22503,198,203,44.170534128208594
22542,199,205,29.176921381968384
22582,201,217,29.140714917318466
22619,201,217,31.63972227917372
22657,203,231,31.12544666183164
22691,203,231,34.45318828081691
22725,201,191,34.71395114122461
22767,201,191,27.25609089819095
22810,201,201,27.02598762215172
22851,201,199,28.014804030982916
22891,197,183,28.45528790733069
22935,197,183,25.86057395681936
22979,196,177,25.84130770247724
23023,197,177,25.765727799617668
23067,196,179,25.778073114297218
23112,196,179,25.67601348873963
23156,197,179,25.603478468101894
23206,196,179,22.52020811464804
23258,196,179,22.211075717268375
23302,196,179,25.58064482461603
23346,194,185,25.891711180343822
23391,194,185,25.508514142570707
23436,188,187,25.550418615503556
23479,187,175,26.21629037289055
23523,180,177,25.995903045680002
23567,180,177,25.938103385129995
23611,177,183,25.607253613087458
23656,177,183,25.765411800074215
23700,171,181,25.512494348663594
23745,171,181,25.422195941320997
23789,168,185,25.52823535154116
23834,168,187,25.64883538256841
23877,166,169,26.176766046933476
23924,166,169,24.354330768684296
23967,165,183,26.03487861446125
24012,165,185,25.367377978092122
24056,166,185,25.60659068576652
24101,166,185,25.66436441919208
24150,166,217,22.556586015593368
24190,166,215,30.595629285854873
24228,166,191,31.16504117603153
24270,166,191,26.950151356092537
24313,166,203,26.711712586460138
24354,166,189,28.328904014760944
24397,165,203,26.212850918316118
24438,165,203,28.40657466761893
24479,162,199,28.374712365540752
24531,162,199,21.904674056588142
24572,161,201,28.017519803413393
24613,161,201,28.206772225998638
24654,155,197,27.97448111883378
24696,155,197,27.392206599472853
24737,148,197,27.388537962595144
24779,148,197,27.60005336746319
24821,132,205,27.38542526854285
24861,132,205,29.033945967013604
24900,132,195,29.204915736370847
24942,132,195,27.576574494172547
24984,132,201,27.464597447275526
25024,132,201,28.727654481238314
25066,147,199,28.17991137530592
25107,147,199,28.245428710388012
25148,150,199,27.89416229576766
25189,150,199,28.084768481385513
25230,147,209,28.14040757665841
25270,147,209,29.202666740802503
25309,147,205,29.631536583628435
25349,147,205,28.961101851764163
25389,147,207,28.719190447376924
25429,147,207,29.353579867201468
25468,150,203,29.18964098171885
25508,150,203,28.98273834476567
25548,153,201,28.658263929943843
25590,153,201,27.88392646395145
25631,161,195,28.034989461086763
25673,161,195,27.387806603413797
25715,163,201,27.282053766816794
25756,163,201,28.182393973747423
25796,163,199,28.145634972279925
25838,163,199,27.771251533667368
25889,163,203,21.95849918313285
25941,163,203,22.237310978965148
25995,162,205,20.604889074506886
26046,162,205,21.86169183173301
26088,162,203,26.89356516590533
26128,162,203,28.80884390023002
26168,164,213,28.480053979955112
26207,164,213,29.805202140371176
26246,168,205,30.20024240526569
26286,168,205,28.74481317811709
26326,173,211,28.598940752432412
26365,173,211,30.58442929577272
26404,177,205,29.969533870952805
26444,177,205,28.83192252008994
26484,173,231,28.528870018245925
26518,173,219,34.625094024442824
26555,172,203,31.857318968953162
26596,172,203,28.16310141986247
26637,171,217,28.084853667099726
26675,171,217,31.043173883899335
26713,169,195,30.942413075026067
26755,169,197,27.281117456395908
26798,168,189,27.25917871747254
26842,168,189,26.025209110603313
26886,168,201,26.185250487320605
26927,168,201,28.151071939332414
26968,171,187,28.213831159236634
27012,172,187,25.91001074980436
27055,188,199,26.231643882560302
27097,187,201,27.45680091092879
27138,194,193,27.974445120586783
27193,194,193,20.769735969093137
27236,197,193,26.372720543128246
27280,197,193,26.36571642691178
27323,200,201,26.502151206115553
27365,200,197,27.38202761450103
27406,200,207,27.578606612963764
27446,200,207,28.93112595400026
27486,203,193,29.14467943475643
27529,203,201,26.607604879196153
27572,210,213,27.108162490012674
27611,210,213,29.522128843072643
27650,218,207,29.615018676267304
27692,217,207,29.01215554194112
27731,226,215,29.13590764616538
27769,226,215,30.647543049301202
27807,232,211,30.998772386615943
27846,232,213,29.703906999443497
27885,236,219,29.893091840994458
27922,236,219,31.177210955297802
27959,240,217,31.139733231510558
27998,240,217,30.501871076277432
28035,241,229,30.914482226166704
28071,241,229,32.98154230860704
28107,243,225,32.98535977791617
28143,243,225,31.918293254809225
28179,244,231,32.60052248857392
28214,244,231,33.74974670815096
28249,248,229,33.70627529276765
28285,248,229,32.83289435753577
28321,246,225,33.0533264851248
28358,246,225,31.879678442435424
28394,240,239,32.466580606419235
28427,240,239,35.99079010077637
28462,239,235,36.474928665982006
28496,239,235,34.97805022414284
28531,261,259,34.53261538184215
28560,225,249,42.25228688390145
28591,229,249,38.38382303030917
28622,241,247,38.54594072890914
28654,252,213,37.91118327209982
28693,252,213,29.3191902250758
28732,254,211,29.735645355089993
28772,245,209,29.654041715408027
28811,244,247,29.150217806054915
28843,245,231,38.237079451871466
28877,244,243,34.436968140397866
28910,244,243,36.691277463329456
28942,242,243,36.7991550325218
28975,242,215,36.39971973671791
29013,240,241,30.440794268509844
29046,239,241,36.12352526159663
29080,238,217,35.638702390569314
29118,238,217,30.12735404976563
29157,234,237,30.36464384595664
29192,234,237,34.90831871169314
29227,234,221,35.028814352398136
29264,234,221,30.985797659642703
29302,236,221,31.270693381345104
29339,236,221,30.90604183138943
29377,239,221,31.310685980183216
29414,239,221,31.01445105941333
29451,240,219,31.482018541397785
29490,240,219,30.629227867182113
29528,241,217,30.646346463627676
29566,241,217,30.165279184485296
29604,241,219,30.609589047595186
29642,241,217,30.982771658026294
29680,242,217,30.78430560688411
29718,242,217,30.223217197397442
29756,246,225,30.556172450726034
29793,246,225,31.608072044152177
29830,258,223,32.42700607970694
29867,258,223,31.564458949505767
29903,265,223,32.46062615314346
29940,265,223,31.751507117036816
29979,266,223,31.507253773253574
30015,266,223,31.778020611287726
30052,268,223,31.908528205096786
30089,268,223,31.69372904390827
30125,271,221,31.983058701737924
30163,271,221,31.417745232624213
30199,281,223,31.720664277656557
30236,281,223,31.772673384828998
30273,282,223,31.916820170613278
30310,282,223,31.565509100525666
30346,281,223,32.55380109738213
30383,281,225,32.18130897989177
30419,276,219,32.580400282797875
30456,276,219,31.273591037939525
30493,274,219,31.494354857352302
30530,274,221,31.259659234703523
30568,274,221,31.5479934734773
30605,274,221,31.377358738032754
30642,274,217,31.158368107889714
30680,274,217,30.57696656677783
30718,274,213,30.619580162076176
30759,275,213,29.77770378349251
30798,274,213,30.053912511497877
30837,274,213,29.52821094268843
30876,273,211,30.19737061830868
30915,273,211,29.188673953872087
30955,272,213,29.62108295982629
30994,272,213,29.431554829603364
31033,273,219,29.391278984430205
31072,273,219,30.273711589433734
31110,275,221,30.708826979006556
31148,275,221,30.56944019529226
31186,285,219,31.065517424772985
31223,285,219,30.83789870434877
31261,286,219,31.004945629882368
31299,285,219,30.67760290487449
31337,284,215,30.918058888822895
31375,284,215,30.172633325021778
31413,280,221,30.624837018445493
31451,280,221,31.127548116652605
31487,293,219,31.784134364503885
31526,293,219,30.456559976017285
31565,287,213,31.05764544349712
31604,288,213,29.69514371558704
31643,281,217,29.89996607549849
31682,281,217,30.14960262974482
31720,275,219,30.424352479266794
31757,275,219,30.8878000047073
31795,273,219,30.764316997860433
31846,273,219,22.471270817329106
31884,279,177,31.00881921827387
31928,272,215,25.350532588071616
31967,277,177,30.476026079798366
32012,277,177,25.08609296243779
32068,275,177,20.14504634821176
32113,275,177,25.32147062948695
32157,269,175,25.43967841397241
32207,269,175,22.719007655555853
32251,266,173,25.64492761539666
32296,266,173,25.14285668310205
32342,259,169,25.169878431249067
32392,259,171,22.027731548299954
32443,255,169,22.13800874500049
32490,255,169,25.277101488927443
32535,253,197,25.12587119247259
32577,253,197,26.82825575504987
32620,250,197,26.811487306664375
32666,250,197,24.484039271027886
32708,249,199,27.02873129811131
32750,252,199,27.30065261391054
32791,251,211,27.816573398159672
